Workbook

Sheet 예약
A1: M211 렌더팜 예약 시트 | 주차: ____________
A3: 시간 블록 | B3: Worker 그룹 | C3: 월 | D3: 화 | E3: 수 | F3: 목 | G3: 금 | H3: 토 | I3: 일
A4: 11:00 - 15:00 | B4: Maya_Arnold_Parallel
B5: Maya_Arnold_Serial
B6: Blender_Parallel
A7: 15:00 - 19:00 | B7: Maya_Arnold_Parallel
B8: Maya_Arnold_Serial
B9: Blender_Parallel
A10: 19:00 - 23:00 | B10: Maya_Arnold_Parallel
B11: Maya_Arnold_Serial
B12: Blender_Parallel
A13: 23:00 - 03:00 | B13: Maya_Arnold_Parallel
B14: Maya_Arnold_Serial
B15: Blender_Parallel
A16: 03:00 - 07:00 | B16: Maya_Arnold_Parallel
B17: Maya_Arnold_Serial
B18: Blender_Parallel
A19: 07:00 - 11:00 | B19: Maya_Arnold_Parallel
B20: Maya_Arnold_Serial
B21: Blender_Parallel
A23: 셀에 본인 학번을 입력하세요. 이미 학번이 적힌 칸은 예약 불가입니다. 타인의 예약을 수정·삭제하면 페널티가 부과됩니다.

Sheet 사용자 관리
A1: 사용자별 예약 할당량 관리
A3: 학번 | B3: 라이선스 수 | C3: 주 최대 블록 | D3: 사용한 블록 | E3: 남은 블록
A4: C393169 | B4: 1 | C4: =IF(B4="","",B4*12) | D4: =IF(A4="","",COUNTIF(예약!$C$4:$I$21,A4)) | E4: =IF(A4="","",C4-D4)
A5: C176118 | B5: 1 | C5: =IF(B5="","",B5*12) | D5: =IF(A5="","",COUNTIF(예약!$C$4:$I$21,A5)) | E5: =IF(A5="","",C5-D5)
A6: C076110 | B6: 1 | C6: =IF(B6="","",B6*12) | D6: =IF(A6="","",COUNTIF(예약!$C$4:$I$21,A6)) | E6: =IF(A6="","",C6-D6)
A7: C293350 | B7: 1 | C7: =IF(B7="","",B7*12) | D7: =IF(A7="","",COUNTIF(예약!$C$4:$I$21,A7)) | E7: =IF(A7="","",C7-D7)
A8: C076078 | B8: 1 | C8: =IF(B8="","",B8*12) | D8: =IF(A8="","",COUNTIF(예약!$C$4:$I$21,A8)) | E8: =IF(A8="","",C8-D8)
C9: =IF(B9="","",B9*12) | D9: =IF(A9="","",COUNTIF(예약!$C$4:$I$21,A9)) | E9: =IF(A9="","",C9-D9)
C10: =IF(B10="","",B10*12) | D10: =IF(A10="","",COUNTIF(예약!$C$4:$I$21,A10)) | E10: =IF(A10="","",C10-D10)
C11: =IF(B11="","",B11*12) | D11: =IF(A11="","",COUNTIF(예약!$C$4:$I$21,A11)) | E11: =IF(A11="","",C11-D11)
C12: =IF(B12="","",B12*12) | D12: =IF(A12="","",COUNTIF(예약!$C$4:$I$21,A12)) | E12: =IF(A12="","",C12-D12)
C13: =IF(B13="","",B13*12) | D13: =IF(A13="","",COUNTIF(예약!$C$4:$I$21,A13)) | E13: =IF(A13="","",C13-D13)
C14: =IF(B14="","",B14*12) | D14: =IF(A14="","",COUNTIF(예약!$C$4:$I$21,A14)) | E14: =IF(A14="","",C14-D14)
C15: =IF(B15="","",B15*12) | D15: =IF(A15="","",COUNTIF(예약!$C$4:$I$21,A15)) | E15: =IF(A15="","",C15-D15)
C16: =IF(B16="","",B16*12) | D16: =IF(A16="","",COUNTIF(예약!$C$4:$I$21,A16)) | E16: =IF(A16="","",C16-D16)
C17: =IF(B17="","",B17*12) | D17: =IF(A17="","",COUNTIF(예약!$C$4:$I$21,A17)) | E17: =IF(A17="","",C17-D17)
C18: =IF(B18="","",B18*12) | D18: =IF(A18="","",COUNTIF(예약!$C$4:$I$21,A18)) | E18: =IF(A18="","",C18-D18)
C19: =IF(B19="","",B19*12) | D19: =IF(A19="","",COUNTIF(예약!$C$4:$I$21,A19)) | E19: =IF(A19="","",C19-D19)
C20: =IF(B20="","",B20*12) | D20: =IF(A20="","",COUNTIF(예약!$C$4:$I$21,A20)) | E20: =IF(A20="","",C20-D20)
... C33: =IF(B33="","",B33*12) | D33: =IF(A33="","",COUNTIF(예약!$C$4:$I$21,A33)) | E33: =IF(A33="","",C33-D33)
A36: 라이선스 1개당 주 12블록이 배정됩니다. 1블록 = 4시간.

Sheet 사용 안내
A1: 렌더팜 예약 안내
B3: 예약 단위 | C3: 1블록 = 4시간. 하루 6블록(11시 시작 기준)으로 운영합니다.
B4: 예약 방법 | C4: [예약] 시트에서 원하는 시간 블록과 Worker 그룹 칸에 학번을 입력합니다.
B5: Worker 그룹 | C5: 렌더러에 맞는 그룹을 선택하세요. Maya+Arnold는 Arnold 그룹, Blender는 Blender 그룹입니다.
B6: 할당량 | C6: 라이선스 1개당 주 12블록. [사용자 관리] 시트에서 잔여 블록을 확인하세요.
B7: 예약 변경 | C7: 본인 예약만 수정·삭제할 수 있습니다.
B8: 미사용 처리 | C8: 예약 시작 후 30분간 작업 제출이 없으면 예약이 자동 해제됩니다.
B9: 금지 사항 | C9: 타인 예약 수정, 중복 예약, 할당량 초과 예약은 페널티 대상입니다.
B10: 페널티 | C10: 위반 1회당 다음 주 예약 가능 블록이 4블록 차감됩니다.
B11: 문의 | C11: 담당자 또는 지도교수에게 문의하세요.
